"501st Legion, 1st Regiment, 3rd Battalion",,,,,,,,,,,
Unified Qualification Roster,,,,,,,,,,,
Nickname,Birth Number,Assault,RAMR,Support,Advanced Support,Grenadier,Marksman,Jumpmaster,Combat Engineer,RTO Basic,RTO Qualified
Adhock,87345,PASS,PASS,PASS,PASS,PASS,PASS,PASS,PASS,PASS,PASS
Adventure,92543,PASS,,PASS,,,,,,,
Aedan,43659,PASS,PASS,PASS,PASS,PASS,PASS,,,PASS,PASS
Aeon,11513,PASS,PASS,PASS,,PASS,PASS,,,PASS,PASS
AJ,28089,PASS,,,,PASS,PASS,,,,
Ajax,90155,PASS,,PASS,,PASS,PASS,,,PASS,PASS
Akeer,72012,PASS,,PASS,,PASS,PASS,,,,
Akira,19561,PASS,,PASS,,PASS,PASS,,,PASS,
Akuma,48520,PASS,,PASS,,PASS,PASS,,,,
Alex,25052,,,PASS,,,,,,,
Alistair,13568,PASS,,,,,,,,PASS,PASS
Altred,87456,,,,,PASS,,PASS,PASS,PASS,PASS
Anarchy,90101,PASS,,PASS,,PASS,PASS,,,,
Andromeda,,PASS,,PASS,,PASS,PASS,,,PASS,PASS
Anheiser,45701,PASS,,PASS,,PASS,PASS,PASS,,,
Anorant,13141,,,PASS,,,PASS,,,PASS,PASS
Anselm,83142,PASS,PASS,PASS,PASS,PASS,PASS,PASS,,PASS,PASS
Anta,12122,PASS,,PASS,,PASS,PASS,PASS,,PASS,PASS
Anti,12245,PASS,,PASS,,,,,,,
Anubis,45935,PASS,PASS,PASS,PASS,PASS,PASS,,PASS,PASS,PASS
Apostle,48376,PASS,,PASS,,PASS,PASS,,,,
Aran,96512,,,PASS,,PASS,PASS,PASS,,PASS,PASS
Araxis,70325,PASS,PASS,PASS,,PASS,PASS,PASS,,PASS,PASS
araxis,70325,PASS,PASS,PASS,,PASS,PASS,PASS,,PASS,PASS
Arcanist,13000,PASS,PASS,PASS,,PASS,PASS,,,PASS,PASS
Archaic,15003,PASS,PASS,PASS,,PASS,PASS,,PASS,PASS,PASS
Archon,56489,PASS,,,,PASS,PASS,,,PASS,
Arthur,18777,PASS,PASS,PASS,,PASS,PASS,,,PASS,PASS
Ash,22451,PASS,,PASS,,PASS,PASS,,,,PASS
Asher,5681,PASS,,,,PASS,,,PASS,PASS,
Aspect,,PASS,,PASS,,PASS,PASS,,,PASS,PASS
Atlas,7449,PASS,PASS,PASS,,PASS,PASS,,,,
Atom,56910,PASS,PASS,PASS,PASS,PASS,PASS,PASS,,PASS,PASS
atom,56910,PASS,PASS,PASS,PASS,PASS,PASS,PASS,,PASS,PASS
Ayryk,97516,PASS,,,,,PASS,,,,
Bacon,24643,PASS,PASS,PASS,PASS,PASS,PASS,PASS,,PASS,PASS
Bandit,50064,PASS,PASS,PASS,PASS,PASS,PASS,PASS,,PASS,PASS
Barbary,86246,PASS,,,,PASS,PASS,,,,
Bardock,21356,PASS,,,,,,,,,
bardok,21356,,,,,,,,,PASS,
Bardok,21356,,,,,,,,,PASS,
Beast,92277,PASS,PASS,PASS,,PASS,PASS,PASS,,PASS,PASS
Beat,40785,PASS,,PASS,,PASS,PASS,,,PASS,PASS
Beef,1648,PASS,PASS,,,PASS,PASS,,,,
Bek,61198,PASS,,,,,,,,,
Beldin,99421,,,,,,PASS,,,,
Bemount,41996,PASS,,PASS,,PASS,PASS,PASS,PASS,PASS,
Benitez,22902,PASS,,,,PASS,PASS,,,,
Bensen,12966,PASS,,PASS,,PASS,PASS,,,PASS,PASS
Birhnr,86487,,,PASS,,,,,,,
Biscuit,77301,,PASS,PASS,PASS,PASS,PASS,PASS,,PASS,PASS
Bishop,21036,PASS,PASS,PASS,,PASS,,PASS,,PASS,PASS
Bit,48416,PASS,PASS,PASS,,PASS,PASS,,,PASS,PASS
Bjorn,51740,PASS,PASS,PASS,,PASS,,,,PASS,PASS
Black,86539,PASS,PASS,PASS,,PASS,PASS,,,PASS,PASS
Blade,63924,PASS,PASS,PASS,PASS,PASS,PASS,PASS,,PASS,PASS
Blast,84134,PASS,PASS,PASS,,PASS,PASS,,,PASS,PASS
Blaze,25540,PASS,,PASS,,,PASS,,,PASS,
Blythe,70129,PASS,PASS,PASS,PASS,PASS,PASS,PASS,PASS,PASS,PASS
Bobs,1880,PASS,,PASS,,PASS,PASS,,,,
Bomb,98989,,,PASS,,,,,,,
Boneish,19006,PASS,,PASS,,PASS,PASS,,,PASS,PASS
Bones,87071,PASS,,PASS,,PASS,PASS,PASS,,PASS,PASS
Boozy,16175,PASS,,,,PASS,,,,PASS,PASS
Bork,33951,PASS,,PASS,,PASS,PASS,,,PASS,
Brad,22345,PASS,,PASS,,PASS,PASS,,,PASS,
Brag,38815,,,,,,,,,,
Brandon,4098,PASS,PASS,PASS,,PASS,PASS,,PASS,PASS,PASS
Brennan,,PASS,PASS,PASS,,PASS,PASS,,,PASS,PASS
Bridger,71789,PASS,PASS,PASS,PASS,PASS,PASS,PASS,,PASS,PASS
Broad,55119,PASS,PASS,PASS,,PASS,PASS,PASS,,PASS,
Bronson,59255,,PASS,PASS,,PASS,PASS,,PASS,PASS,PASS
Brotha,51264,PASS,,PASS,PASS,PASS,PASS,,PASS,PASS,PASS
Browns,37206,PASS,,,,,,,,,
Bruce,73789,PASS,PASS,PASS,,PASS,PASS,PASS,,PASS,PASS
Buddy,2519,PASS,,PASS,,,PASS,PASS,,,
Buffalo,45258,PASS,PASS,PASS,PASS,PASS,PASS,PASS,,PASS,PASS
Buggs,27877,PASS,,PASS,,PASS,PASS,,,PASS,PASS
Bull,67452,,,PASS,,,,,,,
Burrito,34178,PASS,,PASS,,PASS,PASS,PASS,,PASS,PASS
Caesar,26131,PASS,,PASS,,,,,,,
Calo,1718,PASS,,,,PASS,,,,PASS,PASS
Canine,35474,PASS,,PASS,,,PASS,,,PASS,
Cash,18008,,,,,,,,,PASS,PASS
Casskun,95156,PASS,,PASS,,PASS,PASS,,,PASS,PASS
Cato,1580,PASS,,PASS,,PASS,PASS,,,,
Cavalry,4782,PASS,PASS,PASS,,,PASS,,,PASS,PASS
Cavarly,4782,,,,,,PASS,,,,
Cerberus,42946,PASS,,PASS,,PASS,,PASS,,PASS,PASS
Chack,97192,PASS,,,,,,,,,
Chad,84575,PASS,,PASS,,PASS,PASS,,,,
Chan,45130,,,PASS,,PASS,,,,,
Charger,15901,PASS,,PASS,,PASS,PASS,,,,PASS
Charl,88253,PASS,PASS,PASS,,PASS,PASS,PASS,,PASS,PASS
Charred,24252,,,PASS,,,,,,,
Chaser,33232,PASS,PASS,PASS,,PASS,PASS,PASS,,PASS,PASS
Chatter,75644,PASS,,PASS,,PASS,PASS,PASS,,PASS,
chatter,75644,PASS,,PASS,,PASS,PASS,PASS,,PASS,
Checkers,11356,PASS,,PASS,,PASS,,,PASS,,
cheeta,10195,,,,,,,,,,
Cheetah,10195,PASS,,PASS,,,,,,PASS,
Cherokee,30436,PASS,PASS,PASS,,PASS,PASS,,PASS,PASS,PASS
Chimera,30253,,PASS,PASS,,PASS,,,,PASS,
Cholt,30459,PASS,PASS,PASS,,PASS,PASS,,,PASS,PASS
Chroma,23039,PASS,,PASS,,PASS,PASS,PASS,,PASS,PASS
Chronic,91277,PASS,,PASS,,,,,,PASS,
Church,91779,PASS,,PASS,,PASS,PASS,,,PASS,
Cito,55102,PASS,,,,,PASS,PASS,,,
Clay,15649,PASS,,PASS,,PASS,PASS,PASS,,PASS,
Claymur,42455,PASS,,,,,,,,PASS,
Cliche,46978,PASS,,PASS,,,,,,,
Clock,24658,PASS,PASS,PASS,,PASS,PASS,PASS,PASS,PASS,PASS
Clover,14577,PASS,PASS,PASS,PASS,PASS,PASS,PASS,,PASS,PASS
Clyax,11399,PASS,PASS,PASS,,PASS,PASS,,,PASS,PASS
Cobra,10450,,,PASS,,,,,,,
Coco,13989,,,,,,,PASS,,PASS,PASS
Coin,65540,PASS,,PASS,,,,,,,
Comet,67491,PASS,,PASS,,PASS,PASS,,,PASS,PASS
Compo,,,,,,,,,,PASS,PASS
Conair,15450,,,PASS,,,PASS,,,PASS,PASS
Cookie,15389,PASS,,PASS,,PASS,PASS,,,,
Cor,,,,,,,,,,PASS,
Corey,3105,,,,,,,,,PASS,PASS
Cortes,19957,,,PASS,,,,,,,
Courtney,25410,PASS,PASS,PASS,,PASS,PASS,PASS,,PASS,PASS
CR-C Bardok,21356,,,PASS,,,,,,,
Craz,44325,PASS,PASS,PASS,,PASS,PASS,,,PASS,PASS
Crebar,70303,PASS,,,,PASS,PASS,,,PASS,
Crimson,11399,,,,,,,,,PASS,
Crinkcase,14031,PASS,,PASS,,PASS,PASS,PASS,,PASS,PASS
Crisis,,PASS,PASS,PASS,,PASS,PASS,,,PASS,PASS
Crow,26426,PASS,,PASS,,,,,,,
Cruisie,,,,,,,,,,PASS,
Crush,12029,PASS,,PASS,,PASS,PASS,PASS,,PASS,
crush,12029,PASS,,PASS,,PASS,PASS,PASS,,PASS,
Cursed,18906,PASS,,,,,,,,,
Cutter,25221,PASS,,PASS,,PASS,PASS,,,,PASS
Cyber,2112,,,PASS,,PASS,PASS,PASS,,PASS,PASS
Cyrus,56219,PASS,,PASS,,PASS,PASS,,,,
Daan,68220,PASS,,PASS,,PASS,PASS,PASS,,,
Dadecoy,,PASS,PASS,PASS,,PASS,PASS,,,PASS,PASS
Dakota,13169,PASS,PASS,PASS,PASS,PASS,PASS,PASS,PASS,PASS,PASS
Dalton,51051,PASS,PASS,PASS,PASS,PASS,PASS,PASS,PASS,PASS,PASS
Danger,37209,,,PASS,,,,,,,
Darkstar,,PASS,PASS,PASS,,PASS,PASS,,,PASS,PASS
Daunte,22153,PASS,,PASS,PASS,PASS,PASS,PASS,,PASS,
Death,57421,PASS,,PASS,,PASS,PASS,,,,
Deceiving,73145,PASS,,PASS,,PASS,PASS,PASS,,PASS,PASS
Defender,12075,PASS,PASS,PASS,,PASS,,,,,PASS
Del,11345,PASS,PASS,PASS,,PASS,PASS,,PASS,PASS,PASS
Delta,47272,PASS,,PASS,,PASS,PASS,,,PASS,PASS
Denz,11724,PASS,,PASS,,PASS,PASS,,,PASS,PASS
Deo,10016,,,,,PASS,PASS,,,,
Deus,15043,PASS,PASS,,,PASS,PASS,PASS,,PASS,PASS
Deva,66319,PASS,PASS,PASS,,PASS,PASS,PASS,,PASS,PASS
Deytow,23996,PASS,PASS,PASS,PASS,PASS,PASS,PASS,PASS,PASS,PASS
Diablo,76767,PASS,PASS,PASS,PASS,PASS,PASS,,,PASS,PASS
Dimitri,,PASS,,PASS,,,PASS,,,PASS,PASS
Dino,12013,,,PASS,,,,,,,
Dirt,48892,PASS,,PASS,,PASS,,,,,
Diverge,21822,PASS,PASS,PASS,,PASS,PASS,PASS,PASS,PASS,PASS
Dobby,95236,PASS,,PASS,,PASS,PASS,,,PASS,
Doro,55101,PASS,,,,,,,,,
Doug,42248,PASS,,PASS,,PASS,,,,PASS,PASS
Dova,12568,PASS,,PASS,,PASS,PASS,,,,
Dragneel,87815,PASS,PASS,PASS,,PASS,PASS,,,,PASS
Dragon,92698,PASS,,PASS,,,PASS,PASS,,PASS,PASS
Drammon,24858,PASS,PASS,PASS,,PASS,PASS,,,PASS,PASS
Drebien,32579,PASS,,PASS,,PASS,PASS,,,PASS,PASS
Dredge,82793,PASS,,,,PASS,PASS,PASS,,PASS,PASS
Drifter,92587,PASS,PASS,PASS,,PASS,PASS,,,PASS,PASS
Dubbs,98248,PASS,,PASS,,PASS,PASS,,,,
Duck,40183,PASS,PASS,PASS,,PASS,PASS,,PASS,PASS,PASS
Duke,,PASS,PASS,PASS,,PASS,PASS,,,PASS,PASS
Dumajin,11260,PASS,PASS,PASS,,PASS,PASS,,,,PASS
Duncan,81913,PASS,,PASS,,PASS,PASS,,,PASS,PASS
Dunpar,88238,PASS,PASS,PASS,,PASS,PASS,,,PASS,PASS
Durza,40030,PASS,,PASS,,,,,,PASS,PASS
Dusty,11574,PASS,PASS,PASS,,PASS,PASS,PASS,,PASS,PASS
Dutch,96751,PASS,,PASS,,PASS,,,,PASS,PASS
Duty,35419,,,PASS,,,,,,,
Dylan,98011,PASS,,PASS,,PASS,,,,,
Eagle,2655,PASS,,,,,,,,,
Effort,71717,PASS,,PASS,PASS,PASS,PASS,PASS,PASS,PASS,PASS
Eights,85838,PASS,,PASS,,PASS,PASS,PASS,,PASS,PASS
Eikor,60032,PASS,,PASS,,PASS,PASS,,PASS,PASS,
Eleck,54367,PASS,,PASS,,PASS,PASS,PASS,,,PASS
Eliza,15453,PASS,,,,,PASS,,,,
Ender,11700,PASS,,PASS,,PASS,PASS,,,PASS,
Enginikts,1721,PASS,,,,,PASS,,,,PASS
Erlien,19979,PASS,PASS,PASS,,PASS,PASS,,,PASS,PASS
Ethan,32996,PASS,PASS,PASS,,PASS,PASS,,,PASS,PASS
Ewik,2222,PASS,PASS,,,PASS,PASS,,,,
Exeter,11235,PASS,,PASS,,,PASS,,,PASS,PASS
Exile,69781,PASS,,PASS,,PASS,PASS,PASS,,,
Exod,31415,PASS,PASS,PASS,,PASS,PASS,,,PASS,PASS
Exose,91573,PASS,PASS,PASS,,PASS,PASS,,,,
Fakie,39580,PASS,,PASS,,PASS,PASS,,,PASS,
Fallout,,PASS,PASS,PASS,,PASS,PASS,,,PASS,PASS
Fennec,10219,PASS,,PASS,,PASS,PASS,,,PASS,PASS
Fenrir,52728,PASS,PASS,PASS,,PASS,PASS,PASS,,PASS,PASS
Fiend,27754,PASS,,PASS,,PASS,PASS,,,,
Fixit,85762,PASS,,PASS,,PASS,PASS,,,PASS,PASS
Flak,81703,PASS,PASS,PASS,,PASS,PASS,,,PASS,PASS
Flare,31242,PASS,,PASS,,PASS,PASS,,,PASS,PASS
Flex,64253,,,PASS,,,,,,,
Floff,,,,,,,,,,PASS,
Flog,,,,,,,,,,PASS,
Flooded,97047,PASS,PASS,PASS,,PASS,PASS,PASS,,PASS,PASS
Fluorite,26756,PASS,,PASS,,PASS,PASS,,,PASS,PASS
Fly,96786,PASS,,PASS,,,PASS,,,PASS,
Ford,71045,PASS,,PASS,,PASS,PASS,,,PASS,PASS
Foxxy,18097,PASS,,,,,,,,,
Frost,9537,PASS,,PASS,,,PASS,,,,
Galahad,99150,PASS,,PASS,,PASS,PASS,,,PASS,PASS
Galaxy,51293,PASS,PASS,PASS,,PASS,PASS,,,PASS,PASS
Gallagher,95624,PASS,,PASS,,PASS,PASS,,,,
Gamble,1597,,,PASS,,PASS,PASS,,,PASS,PASS
Garviel,85579,PASS,PASS,PASS,,,PASS,PASS,,PASS,PASS
Genesis,65851,PASS,PASS,PASS,,PASS,PASS,PASS,,PASS,PASS
Ghilly,19045,,,PASS,,PASS,PASS,,,PASS,
ghost,15089,,,,,,,,,PASS,
Ginger,56981,PASS,,PASS,,,PASS,PASS,,PASS,PASS
Gladiator,71337,PASS,,,,,,,,,
Glass,17771,PASS,,,,,PASS,PASS,,PASS,PASS
Glue,42069,PASS,,PASS,,PASS,,,,PASS,
Goddest,88396,PASS,PASS,PASS,,PASS,PASS,PASS,,PASS,PASS
Goldarp,,,,PASS,,PASS,PASS,,,PASS,PASS
Gothic,46875,PASS,,PASS,,PASS,,,,PASS,PASS
Grady,32505,PASS,,PASS,,PASS,PASS,,,PASS,PASS
Graze,74679,PASS,,,,,,,,PASS,
Great,76238,PASS,PASS,PASS,PASS,PASS,PASS,PASS,PASS,PASS,PASS
Greene,10619,,,PASS,,,,,,,
Griffin,38474,PASS,,PASS,,,PASS,PASS,,,
Griffin ,388474,,,,,PASS,,,,,
Griggs,14141,PASS,PASS,PASS,,PASS,PASS,,,PASS,PASS
Grinch,29236,PASS,,PASS,,PASS,PASS,,,PASS,PASS
Gruber,22091,,,,,,,,,PASS,
Guide,72703,PASS,PASS,PASS,PASS,PASS,PASS,PASS,,PASS,PASS
Gull,,PASS,PASS,PASS,,PASS,PASS,,,PASS,PASS
Gunny,3947,PASS,PASS,,,PASS,PASS,,,,
Guns,19627,,,,,,,,,,
Guts,54619,PASS,,PASS,,PASS,PASS,,,PASS,PASS
guts,54619,PASS,,PASS,,PASS,PASS,,,PASS,PASS
Habas,22475,PASS,PASS,PASS,,PASS,PASS,PASS,,PASS,PASS
Habit,19902,PASS,,PASS,,PASS,,,,,PASS
Habivi,,PASS,PASS,PASS,,PASS,PASS,,,PASS,PASS
Hackett,10110,PASS,,PASS,,,,PASS,,PASS,PASS
Hades,19019,PASS,,PASS,,,PASS,,,,
Halligan,44545,PASS,,PASS,,PASS,PASS,,,PASS,PASS
Halo,,PASS,PASS,PASS,,PASS,PASS,,,PASS,PASS
Hantar,50113,PASS,PASS,PASS,,PASS,PASS,,,PASS,PASS
Hardy,14150,PASS,,PASS,,PASS,PASS,,,,
Hegener,71418,PASS,,PASS,,PASS,PASS,,PASS,PASS,PASS
hegener,71418,PASS,,PASS,,PASS,PASS,,PASS,PASS,PASS
Helm,43677,,,,,,PASS,,,PASS,PASS
Hobnob,,PASS,,PASS,,,PASS,,,PASS,PASS
Holiday,36985,PASS,,PASS,,PASS,PASS,,,,
Hollis,24030,PASS,,,,,,,,,
Hoodoo,2900,PASS,,PASS,,PASS,PASS,,,PASS,PASS
Hook,25711,PASS,,PASS,,PASS,PASS,,,PASS,
Hoover,15923,PASS,,PASS,,,,,,,
Hosed,1817,PASS,,,,PASS,,,,PASS,
House,42020,,,PASS,,,,,,,
Hungarian,,PASS,,PASS,,PASS,PASS,,,PASS,
Husky,13288,PASS,PASS,PASS,,PASS,PASS,PASS,,PASS,PASS
Hyper,,,,PASS,,PASS,,,,PASS,
ichigo,36010,PASS,,PASS,,PASS,PASS,,,PASS,PASS
Ichigo,36010,PASS,,PASS,,PASS,PASS,,,PASS,PASS
Ifrus,10223,PASS,,PASS,,PASS,PASS,,,,
Indie,14329,PASS,,,,PASS,,,,,
Indigo,66415,PASS,PASS,PASS,,PASS,PASS,PASS,,PASS,PASS
Infinite,74218,PASS,PASS,PASS,,PASS,PASS,PASS,,PASS,
Iroh,97368,PASS,,PASS,,PASS,PASS,,,PASS,
Iron,14209,PASS,,PASS,PASS,PASS,PASS,,PASS,PASS,
Jaeger,,PASS,,PASS,,PASS,PASS,,,PASS,PASS
Jaisus,43687,,,PASS,,PASS,,,,,
Jakel,15329,PASS,,PASS,,PASS,PASS,,,,
James,10125,PASS,,,,,,,,,
Jan,,PASS,PASS,PASS,,PASS,,,,PASS,PASS
Jax,15533,,,,,,,,,,
Jericho,11027,PASS,,PASS,,PASS,PASS,,,PASS,
Jester,65612,,,PASS,,,,,,PASS,PASS
Jimmy,76561,PASS,,PASS,,PASS,PASS,PASS,,PASS,
Jink,08520,PASS,PASS,PASS,,PASS,PASS,,PASS,PASS,PASS
Joel,68304,,,PASS,,,,,,,
Journey,58940,,,PASS,,,,,,,
Jub,16488,PASS,,PASS,,PASS,PASS,,,PASS,PASS
Juggernaut,30138,PASS,,PASS,,PASS,PASS,PASS,,PASS,PASS
Juice,12973,,,PASS,,PASS,,,,PASS,PASS
Jumba,36548,,,PASS,,,,,,,
Jupiter,2947,PASS,PASS,PASS,,PASS,PASS,,,PASS,
Jux,91130,,,PASS,,,,,,,
Kahn,50250,PASS,,PASS,,PASS,PASS,PASS,,PASS,PASS
Kain,69707,PASS,,,,,,,,,
Kaj,92201,PASS,,PASS,,PASS,PASS,,,PASS,PASS
Kamikaze,71421,PASS,,,,,,,,,
Kavas,97513,PASS,,PASS,,,,,,,
Keishin,82370,PASS,,PASS,,,,,,PASS,PASS
Kenny,30501,,,PASS,,,,PASS,,,
Keryl,48572,,,PASS,,,PASS,,,,
Kestrel,31313,PASS,PASS,PASS,,PASS,PASS,PASS,,PASS,PASS
Khano,16059,PASS,,PASS,,,PASS,,,,
Khyrek,28079,PASS,,PASS,,PASS,PASS,,,PASS,PASS
Killer,13349,PASS,,PASS,,PASS,PASS,,,PASS,PASS
King,1516,,,,,,PASS,,,,
Kitsune,70496,PASS,PASS,PASS,,PASS,PASS,,,PASS,PASS
Kitti,46170,PASS,PASS,,,PASS,PASS,,,PASS,
Klein,1939,PASS,,PASS,,PASS,PASS,,,,
Klinger,54077,PASS,PASS,PASS,,PASS,PASS,PASS,PASS,PASS,PASS
Klown,6732,PASS,PASS,PASS,,PASS,PASS,PASS,,PASS,PASS
Knight,56273,PASS,,PASS,,PASS,PASS,,PASS,PASS,
Koda,3452,,,,,,,,,,
Komodo,65787,PASS,PASS,PASS,,PASS,PASS,,,PASS,PASS
Koop,4256,PASS,,,,,,,,,
Korvak,82992,PASS,,PASS,,PASS,PASS,PASS,,PASS,PASS
Korvus,,PASS,PASS,PASS,,PASS,PASS,,,PASS,PASS
Krios,71179,,,PASS,,,,,,,
Kryptic,36324,PASS,PASS,PASS,,PASS,PASS,,,PASS,PASS
Kumiko,69420,PASS,,,,,,,,PASS,PASS
Kurtfurst,87530,,,,,PASS,PASS,,,,
Kushiban,25023,,PASS,PASS,,PASS,PASS,,,PASS,PASS
Kyrie,46735,PASS,,,,PASS,PASS,PASS,,PASS,PASS
Lantern,65577,PASS,,,,,PASS,,,,
Larry,98756,PASS,,PASS,,PASS,PASS,,PASS,,
Lasse,42137,PASS,,,,,,,,PASS,PASS
Lava,1044,PASS,,,,PASS,PASS,,,PASS,
Law,13135,PASS,,PASS,,PASS,PASS,,,,
Legal,50973,PASS,PASS,PASS,,PASS,PASS,,,,PASS
Legia,18404,PASS,,PASS,,PASS,,PASS,,PASS,PASS
Legion,12649,PASS,,PASS,,,,,,PASS,PASS
Lemartes,41505,PASS,,PASS,,PASS,PASS,,,PASS,PASS
Len,18019,PASS,,PASS,,,PASS,PASS,PASS,PASS,
Leon,91537,PASS,PASS,PASS,PASS,PASS,PASS,,,PASS,
Lich,29236,PASS,,PASS,,PASS,PASS,,,PASS,PASS
Lion,35388,PASS,,PASS,,,,,,,
Lissy,1001,PASS,,PASS,,PASS,PASS,,,,
Locke,41128,PASS,PASS,PASS,PASS,PASS,PASS,,,PASS,PASS
Locust,11775,PASS,,,,,,,,,PASS
Lofi,84775,,,,,,,,,,
Logorf,94173,PASS,,PASS,,,PASS,PASS,,PASS,
Loken,51798,PASS,PASS,,,PASS,PASS,,,PASS,PASS
Loki,84775,PASS,,PASS,,PASS,PASS,PASS,,PASS,PASS
London,,,PASS,,,PASS,PASS,,,PASS,PASS
Love,51898,PASS,,PASS,,PASS,PASS,,,PASS,
Lucius,64873,,,,,PASS,PASS,,,,
Lumberjack,64628,PASS,,,,,,,,,
Lupus,5581,PASS,,,,,PASS,,,,
Luscious,64873,,,,,,,,,,
Lutas,45896,PASS,,PASS,,PASS,PASS,,,,
Luuce,22003,PASS,,PASS,,PASS,PASS,,,,
Mada,97766,PASS,,PASS,PASS,,PASS,,,,
Madman,11967,,,,,,PASS,,,,
Maelstrom,94063,PASS,PASS,PASS,PASS,PASS,PASS,PASS,,PASS,PASS
Magnus,12536,,,PASS,,PASS,,,,,
Mags,2022,,,,,,,,,,
Mako,16967,PASS,,PASS,,PASS,PASS,,,,
Malleus,66161,,,PASS,,,,,,,
Mark,29941,,,,,PASS,PASS,,,PASS,PASS
Maroon,61780,,,,,,,,,,
Matt,37951,PASS,,PASS,,PASS,PASS,PASS,,PASS,PASS
Matthew,16832,,,,,,,,,,
Maurice,40901,PASS,,PASS,,,PASS,,,PASS,PASS
Maverick,20834,PASS,,PASS,,PASS,PASS,,,PASS,
Maxon,55117,,,,,,,PASS,,,
Mazy,20920,PASS,,PASS,,PASS,PASS,,,PASS,PASS
Mercy,17379,PASS,,,,,PASS,,,PASS,
Merit,39017,PASS,,PASS,,PASS,PASS,,,,
Merk,,PASS,,PASS,,PASS,PASS,,,PASS,
Merlin,43641,PASS,PASS,PASS,PASS,PASS,PASS,PASS,PASS,PASS,PASS
Metro,20330,PASS,,,,,,,,,
Mia,71290,PASS,,PASS,,,PASS,,,PASS,
Middle,42717,PASS,,PASS,,PASS,,,,,
Mikado,63020,PASS,,PASS,,PASS,,,,,
Mike,39393,,,PASS,,PASS,PASS,,,PASS,PASS
Miles,37329,PASS,,PASS,,,PASS,,,PASS,PASS
Milkman,18175,,,PASS,,,,,,,
Miller,1625,,,PASS,,,,,,,
Mimic,9478,PASS,,PASS,,PASS,PASS,,,,
Mimir,88429,PASS,,PASS,,PASS,,,,PASS,PASS
Minashi,11272,PASS,,,,PASS,PASS,,,,
Mingus,60010,,,PASS,,,,,,,
Mirror,72273,PASS,,,,PASS,PASS,PASS,,PASS,PASS
Misha,,PASS,,PASS,,,,,,PASS,PASS
Mister,14129,PASS,PASS,PASS,,PASS,PASS,,,PASS,PASS
Moist,10358,PASS,PASS,,,PASS,PASS,,,PASS,PASS
Molo,5036,PASS,,PASS,,,,,,,
Momentum,47634,PASS,PASS,PASS,,PASS,PASS,,,PASS,PASS
Money,24795,PASS,,PASS,,,,,,PASS,PASS
Mongrel,66068,PASS,,PASS,,PASS,,,,PASS,
Monty,20117,PASS,,PASS,,,PASS,,,,
Moon,2569,PASS,PASS,PASS,,PASS,PASS,,,,
Morge,17790,PASS,PASS,PASS,,PASS,PASS,,,PASS,PASS
Morris,11395,,,PASS,,,,,,,
Morriss,11395,PASS,,,,,,,,,
Mosin,18965,PASS,PASS,PASS,,PASS,PASS,,,PASS,PASS
Muffins,15212,PASS,,PASS,,,,,,,
Mulkot,17304,,,PASS,,,,,,PASS,
Mungus,5550,PASS,,PASS,,,PASS,,,,
Muranyi,90998,PASS,,,,,,,,PASS,
Murdock,36422,PASS,,PASS,,,,,,,
Mustang,86146,PASS,,PASS,,PASS,PASS,,PASS,PASS,
Mutt,11776,PASS,,,,,,,,,
Muzzer,45632,PASS,,PASS,PASS,PASS,PASS,,,PASS,PASS
Myrola,20866,PASS,,PASS,,PASS,PASS,,,,
Mystic,,PASS,,PASS,,,PASS,,,PASS,PASS
Nahrkin,78796,PASS,,PASS,,,,,,PASS,
Napkin,27772,PASS,PASS,PASS,,PASS,PASS,PASS,,PASS,
Narrator,93277,PASS,PASS,PASS,PASS,PASS,PASS,PASS,PASS,PASS,PASS
Navo,9009,,,,,PASS,,,,PASS,
Neb,45074,PASS,PASS,,,PASS,PASS,,,PASS,PASS
Needles,21225,PASS,PASS,PASS,,PASS,PASS,,,,
Negeta,42361,,,PASS,,,,,,PASS,
Nekro,9191,PASS,,,,,,,,,
Nelson,93060,PASS,,PASS,,PASS,PASS,,,PASS,PASS
Neta,22552,PASS,,PASS,,PASS,PASS,,,PASS,PASS
Nevermore,11671,,,,,PASS,,,,,
Nidus,72892,PASS,,PASS,,,PASS,,,PASS,
Nightingale,,PASS,PASS,PASS,,PASS,PASS,,,PASS,PASS
Nobear,27491,PASS,PASS,PASS,,PASS,PASS,,,PASS,
Nomad,7331,PASS,,,,,,,,,
November,13030,PASS,,PASS,,,PASS,,,,
Noviix,61040,,,,,PASS,PASS,,,,
Nuclear,15080,PASS,PASS,PASS,,PASS,PASS,,,PASS,PASS
Nudder,75071,PASS,,PASS,,,PASS,,,,
Nuwisha,,PASS,,PASS,,,,,,PASS,PASS
Oaksy,11714,PASS,,,,PASS,PASS,,,,
Odd,10255,PASS,PASS,PASS,,PASS,PASS,PASS,,PASS,PASS
Odin,3778,PASS,PASS,PASS,,PASS,PASS,,,PASS,
Oktapius,21994,PASS,,PASS,,PASS,PASS,PASS,,PASS,
Omen,50497,PASS,PASS,PASS,,PASS,PASS,,,PASS,PASS
Oneill,46698,PASS,PASS,PASS,,PASS,PASS,,,PASS,PASS
Onion,17756,PASS,,PASS,,PASS,PASS,,,,
Orange,56893,PASS,PASS,PASS,,PASS,PASS,,,PASS,PASS
Orion,3210,,,PASS,,,,PASS,,,
Osprey,,,,PASS,,PASS,,,,PASS,PASS
Otter,15563,,,PASS,,,,,,,
Owl,12240,PASS,PASS,PASS,,PASS,PASS,,,,
Ozob,58642,PASS,,PASS,,,,,,PASS,PASS
Paladin,21997,PASS,PASS,,,PASS,PASS,PASS,,PASS,PASS
Paladub,21997,,,PASS,,,,,,,
Panther,55672,PASS,,PASS,,PASS,PASS,PASS,,PASS,
Parker,39812,PASS,,PASS,,,,,,PASS,
Parkes,31841,PASS,,PASS,,,PASS,,,,
Parrott,17019,PASS,PASS,PASS,,PASS,PASS,PASS,,,PASS
Pastor,94700,,,PASS,,,,,,,
Peaches,56784,PASS,,PASS,,PASS,PASS,,,,
Peanut,15161,PASS,,,,,PASS,,,,
Pepper,17107,PASS,,PASS,,,PASS,,,,
Phantom,14081,PASS,,PASS,,PASS,PASS,,,PASS,
Phoenix,67991,PASS,,PASS,,PASS,PASS,,,PASS,
Phos,30110,,,PASS,,,,,,PASS,PASS
Piano,88091,PASS,,PASS,,,,PASS,,PASS,PASS
Pigeon,64641,PASS,,PASS,,PASS,PASS,,,PASS,
Pipit,11080,PASS,,,,PASS,PASS,,,,
Platano,17289,PASS,,PASS,,PASS,PASS,,,PASS,
Player,7757,PASS,,PASS,,PASS,,,,,
Pleb,74207,,,PASS,,,,,,,
Point,3998,PASS,,PASS,,PASS,,PASS,,,
Pollyon,75199,PASS,,PASS,,PASS,PASS,,,,
Pompano,82311,PASS,,PASS,,PASS,,,,,
Popeye,18704,PASS,PASS,PASS,,PASS,PASS,,,PASS,PASS
Pops,50234,,,,,,PASS,,,,
Poseidon,96738,PASS,PASS,PASS,,PASS,PASS,,,PASS,PASS
Power,,PASS,,PASS,,PASS,PASS,PASS,,PASS,PASS
Presto,27912,PASS,,PASS,,PASS,PASS,,,PASS,
Price,13579,PASS,,PASS,,,,,,,
Primus,88070,PASS,,PASS,,,PASS,,,,
Pro,25340,PASS,PASS,PASS,,PASS,PASS,PASS,,PASS,PASS
Prof,15775,PASS,,PASS,,PASS,PASS,,,PASS,PASS
Projekt,19410,PASS,,PASS,,PASS,PASS,,,PASS,PASS
Purdy,58588,PASS,,PASS,,PASS,PASS,,,PASS,PASS
Purge,94111,PASS,PASS,PASS,,PASS,PASS,,,PASS,PASS
Queeck,14879,,,PASS,,,,,,PASS,
Rackor,10257,PASS,,PASS,,,PASS,,,,
Radar,79190,PASS,,PASS,,,,PASS,,PASS,PASS
Rader,79190,,,,,,,,,PASS,
Rage,91455,PASS,,PASS,,,PASS,,,,
Raider,12071,PASS,,,,,,,,,
Raktharg,30128,PASS,,PASS,,PASS,PASS,,,PASS,PASS
Ralor,15119,,,,,,,,PASS,,
Raloris,62689,PASS,,PASS,,PASS,PASS,PASS,,,
Ranger,,PASS,PASS,PASS,,,PASS,,,PASS,PASS
Ranque,9890,PASS,,PASS,PASS,PASS,PASS,PASS,PASS,PASS,
Raptor,7171,PASS,,PASS,,PASS,,,,,
Rasta,87653,PASS,,PASS,,PASS,PASS,,,PASS,PASS
Rath,21075,PASS,,PASS,,,,,,,
Rathalos,58571,PASS,,PASS,,PASS,PASS,,,PASS,
Rathian,10239,PASS,,PASS,,PASS,PASS,,,,
Raykan,8060,PASS,,PASS,,,PASS,,,,
Rayne,08613,PASS,,PASS,PASS,PASS,PASS,,PASS,PASS,PASS
Rayth,14156,PASS,,PASS,,PASS,,,,,
Rayver,86154,PASS,,PASS,,,PASS,,,,
Raz,3356,,,,,,PASS,,,,
Rebellion,28601,PASS,PASS,PASS,,PASS,PASS,PASS,PASS,PASS,PASS
Reck,,,,PASS,,PASS,,,,PASS,PASS
Red,47038,PASS,,PASS,,,,,,PASS,
Redding,76009,PASS,,PASS,,,PASS,,,,
Reibre,61088,PASS,,,,,,,,,
Renorick,45223,,,,,,,,,,
Restless,24072,PASS,,PASS,,,,,,,
Revos,,PASS,,PASS,,,,,,PASS,
Rexi,14775,PASS,,,,,,,,,
Rhino,91327,PASS,PASS,PASS,,,,PASS,,PASS,PASS
Richard,61179,PASS,PASS,PASS,,PASS,PASS,,,PASS,PASS
Rick,35179,PASS,PASS,PASS,,PASS,PASS,,,PASS,PASS
Ricochet,32052,PASS,PASS,PASS,,PASS,PASS,,,PASS,PASS
Riddle,52627,PASS,,PASS,,PASS,PASS,,,,PASS
Riku,58641,PASS,,PASS,,PASS,,,,,
Riley,8797,PASS,,,,,PASS,,,,
Ripjaw,27723,PASS,PASS,,,PASS,PASS,PASS,,PASS,
Ritter,10962,PASS,PASS,PASS,,PASS,PASS,,,,PASS
Rive,61412,PASS,PASS,PASS,PASS,PASS,PASS,PASS,PASS,PASS,PASS
Roadboy,1612,PASS,,PASS,,PASS,,,,,
Roads,88454,PASS,,PASS,,,,,,PASS,
roads,88454,PASS,,PASS,,,,,,PASS,
Roasty,78221,PASS,PASS,PASS,,PASS,PASS,,,PASS,PASS
Rocket,24314,PASS,,PASS,,,,,,,
Rogue,56814,PASS,,,,,,,,,
Rook,,,,PASS,,,PASS,,,PASS,PASS
Rootes,60964,,,,,,,,,,
Rory,3511,PASS,,PASS,,PASS,PASS,PASS,,PASS,PASS
Roster,2137,PASS,,PASS,,PASS,PASS,,,,
Royal,9214,,,,,,PASS,,,,
Runi,26426,PASS,PASS,PASS,,PASS,PASS,,,PASS,
Runic,14852,PASS,,PASS,,,PASS,,,,
Runner,44060,PASS,,PASS,,PASS,PASS,,,PASS,PASS
Rupert,65285,PASS,,PASS,,PASS,PASS,,,PASS,PASS
Rushmore,13878,,,,,PASS,PASS,,,PASS,PASS
Ryker,31249,,,,,,,,,PASS,
Rys,,,,,,,,,,PASS,PASS
Saiko,48077,PASS,,PASS,,PASS,PASS,,,PASS,PASS
Sakke,78456,PASS,,PASS,PASS,PASS,PASS,PASS,,PASS,PASS
Saltopus,98941,PASS,,,,PASS,,,,PASS,PASS
saltopus,98941,PASS,,,,PASS,,,,PASS,PASS
Salvatore,75541,PASS,PASS,PASS,,PASS,PASS,,,PASS,PASS
Salvo,,,,PASS,,PASS,PASS,,,PASS,PASS
Sam,,PASS,PASS,,,PASS,PASS,,,PASS,PASS
Samot,43202,,,,,,,,,,
Sandman,10331,PASS,,PASS,,PASS,PASS,PASS,,,
sandman,10331,PASS,,PASS,,PASS,PASS,PASS,,,
Sangres,29998,PASS,,PASS,,,,,,,
Sappheron,62323,PASS,PASS,PASS,,PASS,PASS,,,PASS,PASS
Sapphire,29608,,,PASS,,,,,,PASS,
Saprez,53431,PASS,PASS,PASS,,PASS,PASS,,,PASS,PASS
Sawman,18090,PASS,,PASS,,,,,,,
Sazi,99607,PASS,,PASS,,PASS,PASS,,,PASS,
Scanlon,11699,PASS,PASS,PASS,,PASS,PASS,PASS,,PASS,PASS
Scarab,71124,PASS,PASS,PASS,PASS,PASS,PASS,,,PASS,PASS
Scard,21523,PASS,PASS,PASS,,PASS,PASS,,,PASS,PASS
Scavenger,17189,PASS,,PASS,,PASS,PASS,,,PASS,PASS
schames,15667,PASS,PASS,PASS,,PASS,PASS,,,PASS,PASS
Schames,15667,PASS,PASS,PASS,,PASS,PASS,,,PASS,PASS
Schnuffles,22002,,,,,,PASS,,,,
Scottish,31425,PASS,,PASS,,,PASS,,,,
Scotty,37358,PASS,,PASS,,,,,,,
Screw,54278,PASS,,,,,,,,,
Scruff,52255,PASS,PASS,PASS,,PASS,PASS,,,PASS,PASS
Scrungo,88622,,,PASS,,PASS,,,,PASS,PASS
Scuba,,,,,,,,,,PASS,
Seejers,42373,PASS,,PASS,,PASS,PASS,,,PASS,PASS
Sense,24889,,,PASS,,PASS,,PASS,,PASS,PASS
Sentinel,85246,PASS,,,,PASS,PASS,,,,PASS
September,40916,PASS,,PASS,,PASS,PASS,PASS,,PASS,PASS
Septic,87970,PASS,,,,,,,,,
Seraphim ,13572,,,,,,,,,,
Serin,49102,PASS,,PASS,,PASS,PASS,,,PASS,PASS
Shade,5320,,,,,,,,,PASS,PASS
Shadow,91798,PASS,,PASS,,PASS,PASS,,,PASS,PASS
Shape,81727,PASS,PASS,PASS,,PASS,PASS,,,PASS,PASS
Shark,56584,PASS,PASS,,,PASS,PASS,,,,
Shatter,18845,,,,,,,,,,
Shifter,48025,PASS,,PASS,,,,,,,
Shifty,23983,PASS,,,,,PASS,,,,
Shinpho,77711,PASS,,PASS,,PASS,PASS,,,PASS,PASS
Shiv,3293,,,,,,,,,,PASS
Shnuffles,22002,PASS,PASS,PASS,,PASS,,,,PASS,PASS
Shock,86754,,,,,,,,,PASS,
Shot,24275,PASS,,,,,,,,PASS,PASS
Shoto,57693,,,PASS,,,PASS,,,,
Shredded,24198,PASS,,,,PASS,PASS,,,,
Shroom,25311,PASS,PASS,PASS,,PASS,PASS,,,PASS,PASS
Shrub,13878,PASS,,PASS,,,,,,PASS,
Sideways,2940,PASS,PASS,PASS,,PASS,PASS,,,PASS,PASS
Sierra,19357,PASS,PASS,PASS,,PASS,PASS,PASS,,PASS,PASS
Sigma,18657,PASS,PASS,,PASS,PASS,PASS,PASS,,PASS,PASS
Silver,98920,PASS,,PASS,,PASS,PASS,,,,
Simon,93019,PASS,,PASS,,PASS,PASS,,,PASS,PASS
Singed,90119,PASS,PASS,PASS,,PASS,PASS,PASS,PASS,PASS,PASS
Skali,,,,,,,,,,PASS,
Skit,51034,PASS,,PASS,,,,,,PASS,PASS
Skittles,2149,,,PASS,,,PASS,,,PASS,
Skynyrd,15119,PASS,,PASS,PASS,PASS,,PASS,PASS,PASS,PASS
Sledge,42452,PASS,PASS,PASS,PASS,PASS,PASS,PASS,,PASS,PASS
Slim,10101,PASS,PASS,PASS,,PASS,PASS,,,PASS,PASS
Sloth,97215,,,PASS,,,,,,,
Slugger,85705,PASS,,PASS,,,,,,,
Slurps,36419,PASS,,PASS,,PASS,PASS,,,,
Slyder,31142,PASS,PASS,,,PASS,PASS,,,PASS,
Smiley,45094,PASS,PASS,PASS,,PASS,PASS,,,PASS,PASS
Snarley,10101,,,PASS,,PASS,PASS,,,PASS,PASS
Snarly,10101,,PASS,,,,,,,,
Snippy,96531,PASS,PASS,PASS,,PASS,PASS,,,PASS,PASS
Snivy,41342,PASS,PASS,PASS,,PASS,PASS,PASS,,PASS,PASS
Snoopy,14522,PASS,,PASS,PASS,PASS,PASS,,,PASS,PASS
Snorri,84658,PASS,,PASS,,PASS,PASS,,,PASS,PASS
Solace,12393,,,PASS,,PASS,,,,,
Solaire,50352,PASS,,PASS,,PASS,PASS,,,,
Sophia,87508,PASS,,PASS,,PASS,PASS,,,,
Soren,88590,PASS,,PASS,,,,,,,
Sorensic,1409,PASS,,PASS,,PASS,,,,,
Sounder,31093,PASS,,PASS,,PASS,PASS,,,PASS,PASS
Sour,12447,PASS,,PASS,,,,PASS,,PASS,PASS
Soviet,19220,PASS,PASS,PASS,,PASS,PASS,,,,PASS
Soyvolon,42127,PASS,,PASS,,PASS,PASS,PASS,,PASS,PASS
Spark,94231,,,PASS,,,,PASS,,PASS,PASS
Sparrow,10713,PASS,PASS,PASS,,PASS,PASS,,,PASS,PASS
Sparticus,78060,PASS,PASS,PASS,,PASS,PASS,PASS,,PASS,PASS
Spear,11212,,,,,,,,,,
Spec,21693,PASS,,PASS,PASS,PASS,PASS,PASS,,,PASS
Spex,19429,PASS,,PASS,,PASS,PASS,,,,
Spider,91019,,,,,,,,,PASS,
Spilberge,83025,PASS,,PASS,,PASS,PASS,,,PASS,PASS
Spire,26997,PASS,PASS,PASS,PASS,PASS,PASS,,,PASS,PASS
Sponge,45780,PASS,PASS,PASS,,PASS,PASS,,,PASS,PASS
Spree,12199,PASS,,PASS,,,PASS,,,,
Spud,50454,PASS,PASS,PASS,,PASS,PASS,PASS,,PASS,PASS
Spyro,78021,PASS,,,,,,,,,
Squids,13520,PASS,PASS,PASS,,PASS,PASS,,,PASS,PASS
Squire,34455,PASS,PASS,PASS,PASS,PASS,PASS,PASS,,PASS,PASS
squire,34455,PASS,PASS,PASS,PASS,PASS,PASS,PASS,,PASS,PASS
Steps,11575,PASS,,PASS,,,PASS,,,PASS,PASS
Stew,85996,,,PASS,,,,,,,
Stewie,19847,PASS,,PASS,,,PASS,,,,
Stiches,69514,,,PASS,,,,,,,
Sticks,28357,PASS,,PASS,,PASS,PASS,,,PASS,PASS
Stitches,69514,PASS,,,,PASS,PASS,,,PASS,PASS
Stoanes,12530,PASS,,PASS,,PASS,PASS,PASS,,PASS,PASS
Stoic,56784,,,,,,,PASS,,PASS,PASS
Storm,9168,PASS,PASS,,,PASS,PASS,PASS,PASS,PASS,PASS
Stove,31998,,,PASS,,,,,,,
Strill,2900,PASS,PASS,PASS,,PASS,PASS,,,PASS,PASS
Sunday,73036,PASS,,PASS,,PASS,PASS,,,PASS,PASS
Sunshine,64021,PASS,,PASS,,PASS,PASS,,,PASS,PASS
Super,15744,PASS,PASS,PASS,,PASS,PASS,,,PASS,PASS
Swanny,23665,PASS,PASS,PASS,,,PASS,PASS,,PASS,PASS
Sword,42937,PASS,,,,,,,,,
Syder,31142,,,,,,,PASS,,,
Taco,99647,PASS,,PASS,,PASS,PASS,,,PASS,PASS
Taken,83475,PASS,,PASS,,PASS,PASS,,,PASS,PASS
Tal,17077,PASS,PASS,,,PASS,PASS,PASS,,PASS,PASS
Tallon,51515,PASS,PASS,PASS,,PASS,PASS,,,PASS,PASS
Target,6659,PASS,,PASS,,PASS,PASS,PASS,,PASS,PASS
Tarrasque,80311,PASS,,PASS,,,,,,,
Tatum,25152,PASS,PASS,PASS,,PASS,PASS,,,PASS,
Teacup,11707,PASS,PASS,PASS,,PASS,PASS,,,PASS,PASS
Technogeist,9846,PASS,,PASS,,PASS,PASS,,,,
Tee,12319,,,PASS,PASS,PASS,PASS,,,PASS,PASS
Telaran,--,,,,,,,,,,
Telerus,71504,PASS,,,,,,,,,
TEST,0000,,,,PASS,,,,,,
Texas,17608,PASS,,PASS,,,PASS,PASS,PASS,PASS,PASS
Thade,12890,PASS,,PASS,,PASS,PASS,,,PASS,PASS
Thanorlin,48660,,,,,,PASS,,,PASS,PASS
Thor,7956,PASS,,PASS,,PASS,PASS,,,PASS,
Thunder,28110,,,PASS,,,,,,PASS,
Tideend,16544,PASS,PASS,PASS,,PASS,PASS,,,PASS,
Tim,68975,PASS,,,,PASS,,,,,
Timer,14002,PASS,,PASS,,,PASS,,,,
Toast,17676,PASS,,PASS,,,,,,PASS,
Toby,65670,,,,,,,,,,
Tom,31759,PASS,PASS,PASS,,PASS,PASS,,,PASS,
Tombert,92129,,,PASS,,,,,,,
Torres,15599,,,,,,PASS,,,,
Train,06291,PASS,PASS,,PASS,PASS,PASS,,PASS,PASS,PASS
Trap,6142,,,,,,,,,,
Treja,50593,PASS,,PASS,,PASS,PASS,,,,
Trepz,23306,PASS,,,,,,,,,
Triage,53791,,,PASS,,,,,,PASS,PASS
Trip,52515,PASS,,PASS,,,PASS,,PASS,PASS,PASS
Truesight,54321,PASS,,PASS,,PASS,PASS,,,PASS,PASS
TrueSight,54321,PASS,,PASS,,PASS,PASS,,,PASS,PASS
Truth,16012,,,PASS,,,PASS,,,,
Tuch,79801,PASS,PASS,PASS,PASS,PASS,PASS,,PASS,PASS,PASS
Tuff,21996,PASS,PASS,PASS,,PASS,PASS,,,PASS,PASS
Tupiks,6734,PASS,,PASS,,PASS,,,,PASS,PASS
Twine,42564,,,PASS,,PASS,PASS,,,PASS,PASS
Tyler,8241,PASS,,,,,,,,,
Uncle,93084,PASS,PASS,PASS,PASS,PASS,PASS,PASS,,PASS,PASS
Uni,21992,PASS,,PASS,,PASS,PASS,,,PASS,PASS
Universe,21578,,,PASS,,,,,,,
Urse,34521,PASS,PASS,PASS,,PASS,PASS,,,PASS,
Vakarian,11716,PASS,,,,PASS,PASS,,,PASS,PASS
Valhalla,88404,PASS,,PASS,PASS,PASS,PASS,PASS,,PASS,PASS
Valkyrr,83245,PASS,,PASS,,PASS,PASS,,,PASS,PASS
Valravn,24567,PASS,PASS,PASS,,PASS,,,,PASS,
Vanilla,41136,,,,,,PASS,,,PASS,PASS
Vegito,44721,PASS,,,,,,,,,
Vengeance,11570,PASS,,PASS,,PASS,PASS,,,PASS,
Verax,1171,,PASS,,,,PASS,,,,
Versa,56235,PASS,,PASS,,PASS,PASS,,,PASS,PASS
Versis,17810,,,PASS,,,,,,,
Vexer,11070,,,,,,,,,PASS,
Viking,61057,PASS,PASS,PASS,,PASS,PASS,,,PASS,PASS
Viperz,5367,,,,,PASS,,,,,
Virgil,83692,,,PASS,,,PASS,,,,
Virtox,26412,PASS,PASS,PASS,,PASS,PASS,,,PASS,PASS
Volley,85474,PASS,PASS,PASS,,PASS,PASS,,,PASS,PASS
Voltage,97218,PASS,,PASS,,PASS,PASS,,,PASS,
Volx,68860,,,PASS,,,,,,PASS,PASS
Von,11939,PASS,,,,,,,,,
Vukan,44013,PASS,,PASS,,,,,,,
Vulpes,53175,PASS,,PASS,,PASS,PASS,,PASS,PASS,
Vulture,19609,PASS,,PASS,,PASS,PASS,,,,
Wag,31369,PASS,PASS,PASS,,PASS,PASS,,,PASS,PASS
Walsh,88803,PASS,PASS,PASS,,,,,PASS,PASS,PASS
Wanderer,74365,PASS,,PASS,,,PASS,,,PASS,
Warlord,5920,,,,,PASS,PASS,,,,
Waylander,52161,PASS,,PASS,,PASS,PASS,,,PASS,
Waze,35127,PASS,,PASS,PASS,PASS,PASS,PASS,,PASS,PASS
Weapon,8909,PASS,PASS,PASS,PASS,PASS,PASS,PASS,PASS,PASS,PASS
Weaver,45365,PASS,PASS,PASS,,PASS,PASS,,,PASS,PASS
Webbo,70049,,,,,,PASS,,,,
Weepier,11077,PASS,PASS,PASS,,PASS,PASS,PASS,,PASS,
Weiss,66006,PASS,PASS,PASS,,PASS,PASS,PASS,,PASS,PASS
Whisler,55125,PASS,PASS,PASS,,PASS,PASS,,,PASS,PASS
White,2030,PASS,,,,,,,,,
Wicked,50304,PASS,,PASS,,,,,,,
Widyen,12795,PASS,PASS,PASS,,,PASS,,,PASS,PASS
Wilbur,12145,,,PASS,,,,,,,
Wilkens,59909,,,,,,,,,,
Willical,30215,PASS,,PASS,,PASS,,,,PASS,PASS
Wirtimus,19970,PASS,PASS,PASS,PASS,PASS,PASS,,,PASS,
Wombat,48365,,,PASS,,,PASS,,,,
Wood,37652,PASS,,PASS,,PASS,PASS,,,PASS,PASS
Wrath,91390,,,PASS,,,,,,,
Xavier,63685,PASS,,PASS,,PASS,PASS,,,PASS,PASS
Yaeger,35252,,,,,,,,,,
Yati,19091,PASS,PASS,PASS,,PASS,PASS,PASS,,,
Yokai,66283,PASS,,PASS,PASS,PASS,PASS,PASS,,,
York,72481,PASS,,PASS,,PASS,PASS,,,,
Young,19283,PASS,,PASS,,,,,,PASS,PASS
Yowa,58958,PASS,PASS,,,PASS,PASS,,,PASS,PASS
Zatama,41917,PASS,,PASS,,PASS,PASS,,,,
Zen,60687,PASS,,PASS,,PASS,PASS,,,,
Zena,7715,,,,,PASS,,,,,
Zero,66677,PASS,,,,,,,,,
Zeros,20340,PASS,,PASS,,,PASS,PASS,PASS,PASS,PASS
Zex,21587,PASS,,PASS,,PASS,PASS,,,PASS,
Zipper,1777,,,,,PASS,PASS,,,,
Zoozle,45718,PASS,PASS,PASS,,PASS,PASS,,,PASS,PASS
Zoro,74578,PASS,PASS,PASS,,PASS,PASS,,,PASS,PASS
Zulu,87351,PASS,PASS,PASS,,PASS,PASS,,,PASS,PASS